group,sra,layout,primer_f,primer_r,trimmed,min_length,max_length
SK13,ERR3792283,paired,,,true,240,275
SK13,ERR3792284,paired,,,true,240,275
CB24,SRR14255540,paired,,,true,240,275
BZ1,ERR4144822,paired,CCTACGGGNGGCWGCAG,GACTACHVGGGTATCTAATCC,false,400,444
BZ1,ERR4144823,paired,CCTACGGGNGGCWGCAG,GACTACHVGGGTATCTAATCC,false,400,444
BH10,ERR3610261,paired,AGMGTTYGATYMYGGCTCAG,ATTACCGCGGCTGCTGG,false,400,507
SP6,SRR8594498,single,,,true,400,444
SP6,SRR8594499,single,,,true,400,444
XZ29,SRR9940700,single,,,true,400,444
AH19,SRR9822494,single,ACTCCTACGGGTGGCAGCAG,GGACTACHVGGGTWTCTAAT,false,120,300
AH19,SRR9822495,single,ACTCCTACGGGTGGCAGCAG,GGACTACHVGGGTWTCTAAT,false,120,300
MW5,ERR3089297,single,GTGYCAGCMGCCGCGGTAA,GGACTACNVGGGTWTCTAA,false,240,275
EC2,SRR10584127,single,GAGAGTTTGATYMTGGCTCAG,ACCGCGGCTGCTGGCAC,false,240,275