group,sra,layout,primer_f,primer_r,trimmed,min_length,max_length,country
SK13,ERR3792283,paired,,,true,240,275,Australia
SK13,ERR3792284,paired,,,true,240,275,Australia
CB24,SRR14255540,paired,,,true,240,275,USA
BZ1,ERR4144822,paired,CCTACGGGNGGCWGCAG,GACTACHVGGGTATCTAATCC,false,400,444,Austria
BZ1,ERR4144823,paired,CCTACGGGNGGCWGCAG,GACTACHVGGGTATCTAATCC,false,400,444,Austria
BH10,ERR3610261,paired,AGMGTTYGATYMYGGCTCAG,ATTACCGCGGCTGCTGG,false,400,507,South Korea
SP6,SRR8594498,single,,,true,400,444,France
SP6,SRR8594499,single,,,true,400,444,France
XZ29,SRR9940700,single,,,true,400,444,China
AH19,SRR9822494,single,ACTCCTACGGGTGGCAGCAG,GGACTACHVGGGTWTCTAAT,false,120,300,Greenland
AH19,SRR9822495,single,ACTCCTACGGGTGGCAGCAG,GGACTACHVGGGTWTCTAAT,false,120,300,Greenland
MW5,ERR3089297,single,GTGYCAGCMGCCGCGGTAA,GGACTACNVGGGTWTCTAA,false,240,275,USA
EC2,SRR10584127,single,GAGAGTTTGATYMTGGCTCAG,ACCGCGGCTGCTGGCAC,false,240,275,Belgium